{
    "loss": 0.20559807121753693,
    "accuracy": 0.9411764740943909
}