{
    "loss": 0.1964433193206787,
    "accuracy": 0.9019607901573181
}